,AUV_x_pixels,AUV_y_pixels,AUV_x_real,AUV_y_real
0,308,520,3.08,1.56
1,309,520,3.09,1.56
2,309,520,3.09,1.56
3,310,520,3.1,1.56
4,310,520,3.1,1.56
5,310,520,3.1,1.56
6,311,520,3.11,1.56
7,311,520,3.11,1.56
8,312,520,3.12,1.56
9,314,520,3.14,1.56
10,315,520,3.15,1.56
11,313,520,3.13,1.56
12,316,520,3.16,1.56
13,317,520,3.17,1.56
14,314,520,3.14,1.56
15,317,520,3.17,1.56
16,317,520,3.17,1.56
17,316,519,3.16,1.557
18,317,519,3.17,1.557
19,318,520,3.18,1.56
20,318,520,3.18,1.56
21,319,520,3.19,1.56
22,321,520,3.21,1.56
23,321,520,3.21,1.56
24,320,520,3.2,1.56
25,322,520,3.22,1.56
26,323,520,3.23,1.56
27,321,520,3.21,1.56
28,322,520,3.22,1.56
29,322,520,3.22,1.56
30,322,519,3.22,1.557
31,322,519,3.22,1.557
32,322,519,3.22,1.557
33,323,519,3.23,1.557
34,323,519,3.23,1.557
35,323,519,3.23,1.557
36,324,519,3.24,1.557
37,324,519,3.24,1.557
38,324,519,3.24,1.557
39,325,519,3.25,1.557
40,325,519,3.25,1.557
41,325,519,3.25,1.557
42,326,519,3.2600000000000002,1.557
43,326,519,3.2600000000000002,1.557
44,327,519,3.27,1.557
45,327,519,3.27,1.557
46,327,519,3.27,1.557
47,328,519,3.2800000000000002,1.557
48,328,519,3.2800000000000002,1.557
49,329,519,3.29,1.557
50,330,519,3.3000000000000003,1.557
51,330,519,3.3000000000000003,1.557
52,330,519,3.3000000000000003,1.557
53,331,519,3.31,1.557
54,331,519,3.31,1.557
55,332,518,3.3200000000000003,1.554
56,332,519,3.3200000000000003,1.557
57,333,519,3.33,1.557
58,333,519,3.33,1.557
59,334,519,3.34,1.557
60,334,519,3.34,1.557
61,334,519,3.34,1.557
62,335,519,3.35,1.557
63,335,520,3.35,1.56
64,336,519,3.36,1.557
65,336,519,3.36,1.557
66,337,519,3.37,1.557
67,337,519,3.37,1.557
68,338,519,3.38,1.557
69,338,519,3.38,1.557
70,339,519,3.39,1.557
71,339,519,3.39,1.557
72,340,519,3.4,1.557
73,340,519,3.4,1.557
74,341,519,3.41,1.557
75,341,519,3.41,1.557
76,342,519,3.42,1.557
77,342,519,3.42,1.557
78,343,519,3.43,1.557
79,343,519,3.43,1.557
80,344,519,3.44,1.557
81,344,519,3.44,1.557
82,344,519,3.44,1.557
83,345,519,3.45,1.557
84,345,519,3.45,1.557
85,346,519,3.46,1.557
86,346,519,3.46,1.557
87,347,519,3.47,1.557
88,347,519,3.47,1.557
89,347,519,3.47,1.557
90,348,519,3.48,1.557
91,348,519,3.48,1.557
92,348,519,3.48,1.557
93,349,519,3.49,1.557
94,350,519,3.5,1.557
95,350,519,3.5,1.557
96,350,519,3.5,1.557
97,352,519,3.52,1.557
98,352,518,3.52,1.554
99,352,519,3.52,1.557
100,353,519,3.5300000000000002,1.557
101,353,519,3.5300000000000002,1.557
102,353,519,3.5300000000000002,1.557
103,353,519,3.5300000000000002,1.557
104,354,519,3.54,1.557
105,354,518,3.54,1.554
106,355,518,3.5500000000000003,1.554
107,355,518,3.5500000000000003,1.554
108,355,518,3.5500000000000003,1.554
109,356,518,3.56,1.554
110,356,519,3.56,1.557
111,356,519,3.56,1.557
112,357,518,3.5700000000000003,1.554
113,357,519,3.5700000000000003,1.557
114,357,519,3.5700000000000003,1.557
115,358,519,3.58,1.557
116,358,519,3.58,1.557
117,359,519,3.59,1.557
118,359,519,3.59,1.557
119,360,519,3.6,1.557
120,360,519,3.6,1.557
121,360,519,3.6,1.557
122,361,519,3.61,1.557
123,361,519,3.61,1.557
124,361,520,3.61,1.56
125,362,520,3.62,1.56
126,362,520,3.62,1.56
127,363,520,3.63,1.56
128,363,520,3.63,1.56
129,364,521,3.64,1.563
130,364,521,3.64,1.563
131,364,521,3.64,1.563
132,365,521,3.65,1.563
133,366,522,3.66,1.566
134,366,522,3.66,1.566
135,366,522,3.66,1.566
136,366,522,3.66,1.566
137,367,522,3.67,1.566
138,367,522,3.67,1.566
139,368,523,3.68,1.569
140,368,523,3.68,1.569
141,369,523,3.69,1.569
142,369,523,3.69,1.569
143,370,524,3.7,1.572
144,370,524,3.7,1.572
145,370,524,3.7,1.572
146,370,524,3.7,1.572
147,371,524,3.71,1.572
148,371,524,3.71,1.572
149,372,525,3.72,1.575
150,372,525,3.72,1.575
151,373,525,3.73,1.575
152,373,525,3.73,1.575
153,373,526,3.73,1.578
154,374,526,3.74,1.578
155,374,526,3.74,1.578
156,375,527,3.75,1.581
157,375,526,3.75,1.578
158,375,526,3.75,1.578
159,376,527,3.7600000000000002,1.581
160,376,527,3.7600000000000002,1.581
161,377,527,3.77,1.581
162,377,527,3.77,1.581
163,378,528,3.7800000000000002,1.584
164,378,528,3.7800000000000002,1.584
165,379,528,3.79,1.584
166,379,528,3.79,1.584
167,380,529,3.8000000000000003,1.587
168,380,529,3.8000000000000003,1.587
169,381,529,3.81,1.587
170,381,529,3.81,1.587
171,381,529,3.81,1.587
172,382,530,3.8200000000000003,1.59
173,382,529,3.8200000000000003,1.587
174,383,530,3.83,1.59
175,383,530,3.83,1.59
176,387,530,3.87,1.59
177,388,529,3.88,1.587
178,388,529,3.88,1.587
179,388,529,3.88,1.587
180,383,531,3.83,1.593
181,385,531,3.85,1.593
182,390,530,3.9,1.59
183,388,531,3.88,1.593
184,390,531,3.9,1.593
185,391,530,3.91,1.59
186,391,531,3.91,1.593
187,390,531,3.9,1.593
188,392,531,3.92,1.593
189,392,531,3.92,1.593
190,393,531,3.93,1.593
191,393,531,3.93,1.593
192,394,531,3.94,1.593
193,394,531,3.94,1.593
194,395,531,3.95,1.593
195,395,531,3.95,1.593
196,396,531,3.96,1.593
197,396,531,3.96,1.593
198,396,531,3.96,1.593
199,397,531,3.97,1.593
200,397,531,3.97,1.593
201,398,531,3.98,1.593
202,398,532,3.98,1.596
203,398,532,3.98,1.596
204,399,532,3.99,1.596
205,401,531,4.01,1.593
206,400,532,4.0,1.596
207,400,532,4.0,1.596
208,401,532,4.01,1.596
209,401,532,4.01,1.596
210,401,533,4.01,1.599
211,402,532,4.0200000000000005,1.596
212,402,533,4.0200000000000005,1.599
213,403,533,4.03,1.599
214,403,533,4.03,1.599
215,404,533,4.04,1.599
216,404,533,4.04,1.599
217,405,533,4.05,1.599
218,405,533,4.05,1.599
219,406,533,4.0600000000000005,1.599
220,406,534,4.0600000000000005,1.602
221,406,534,4.0600000000000005,1.602
222,406,534,4.0600000000000005,1.602
223,407,534,4.07,1.602
224,407,534,4.07,1.602
225,407,534,4.07,1.602
226,408,534,4.08,1.602
227,409,534,4.09,1.602
228,409,534,4.09,1.602
229,409,533,4.09,1.599
230,409,534,4.09,1.602
231,410,533,4.1,1.599
232,410,534,4.1,1.602
233,410,534,4.1,1.602
234,411,534,4.11,1.602
235,411,534,4.11,1.602
236,411,534,4.11,1.602
237,412,534,4.12,1.602
238,412,534,4.12,1.602
239,412,534,4.12,1.602
240,413,534,4.13,1.602
241,413,535,4.13,1.605
242,413,535,4.13,1.605
243,414,535,4.14,1.605
244,414,535,4.14,1.605
245,414,535,4.14,1.605
246,415,535,4.15,1.605
247,415,536,4.15,1.608
248,416,536,4.16,1.608
249,416,536,4.16,1.608
250,416,536,4.16,1.608
251,417,536,4.17,1.608
252,417,536,4.17,1.608
253,417,537,4.17,1.611
254,417,537,4.17,1.611
255,418,537,4.18,1.611
256,418,537,4.18,1.611
257,418,538,4.18,1.614
258,419,538,4.19,1.614
259,419,538,4.19,1.614
260,419,539,4.19,1.617
261,420,539,4.2,1.617
262,420,539,4.2,1.617
263,421,539,4.21,1.617
264,421,540,4.21,1.62
265,422,540,4.22,1.62
266,422,541,4.22,1.623
267,423,541,4.23,1.623
268,423,541,4.23,1.623
269,424,542,4.24,1.6260000000000001
270,424,542,4.24,1.6260000000000001
271,425,543,4.25,1.629
272,425,543,4.25,1.629
273,426,543,4.26,1.629
274,426,544,4.26,1.6320000000000001
275,426,545,4.26,1.635
276,427,545,4.2700000000000005,1.635
277,427,546,4.2700000000000005,1.6380000000000001
278,428,546,4.28,1.6380000000000001
279,428,546,4.28,1.6380000000000001
280,428,547,4.28,1.641
281,429,547,4.29,1.641
282,429,548,4.29,1.6440000000000001
283,429,549,4.29,1.647
284,430,549,4.3,1.647
285,430,549,4.3,1.647
286,431,550,4.3100000000000005,1.6500000000000001
287,431,550,4.3100000000000005,1.6500000000000001
288,431,551,4.3100000000000005,1.653
289,432,551,4.32,1.653
290,432,552,4.32,1.6560000000000001
291,432,552,4.32,1.6560000000000001
292,432,553,4.32,1.659
293,433,553,4.33,1.659
294,433,554,4.33,1.6620000000000001
295,433,554,4.33,1.6620000000000001
296,433,555,4.33,1.665
297,433,556,4.33,1.668
298,434,556,4.34,1.668
299,434,557,4.34,1.671
300,433,558,4.33,1.674
301,434,558,4.34,1.674
302,434,559,4.34,1.677
303,434,560,4.34,1.68
304,434,561,4.34,1.683
305,434,561,4.34,1.683
306,434,562,4.34,1.686
307,434,563,4.34,1.689
308,434,563,4.34,1.689
309,434,564,4.34,1.692
310,434,565,4.34,1.695
311,434,565,4.34,1.695
312,434,566,4.34,1.698
313,434,567,4.34,1.701
314,434,568,4.34,1.704
315,434,568,4.34,1.704
316,434,569,4.34,1.707
317,434,570,4.34,1.71
318,433,572,4.33,1.716
319,433,572,4.33,1.716
320,433,573,4.33,1.719
321,433,574,4.33,1.722
322,433,575,4.33,1.725
323,433,576,4.33,1.728
324,433,576,4.33,1.728
325,433,577,4.33,1.731
326,433,578,4.33,1.734
327,433,579,4.33,1.737
328,433,580,4.33,1.74
329,433,581,4.33,1.743
330,433,582,4.33,1.746
331,433,583,4.33,1.749
332,432,583,4.32,1.749
333,432,584,4.32,1.752
334,432,585,4.32,1.7550000000000001
335,432,585,4.32,1.7550000000000001
336,432,586,4.32,1.758
337,431,586,4.3100000000000005,1.758
338,431,587,4.3100000000000005,1.7610000000000001
339,431,588,4.3100000000000005,1.764
340,431,588,4.3100000000000005,1.764
341,431,589,4.3100000000000005,1.7670000000000001
342,431,590,4.3100000000000005,1.77
343,431,590,4.3100000000000005,1.77
344,430,591,4.3,1.7730000000000001
345,430,591,4.3,1.7730000000000001
346,429,591,4.29,1.7730000000000001
347,430,592,4.3,1.776
348,429,592,4.29,1.776
349,429,593,4.29,1.7790000000000001
350,429,593,4.29,1.7790000000000001
351,429,593,4.29,1.7790000000000001
352,429,594,4.29,1.782
353,428,594,4.28,1.782
354,428,594,4.28,1.782
355,428,595,4.28,1.7850000000000001
356,428,595,4.28,1.7850000000000001
357,428,595,4.28,1.7850000000000001
358,427,596,4.2700000000000005,1.788
359,427,596,4.2700000000000005,1.788
360,427,596,4.2700000000000005,1.788
361,427,596,4.2700000000000005,1.788
362,427,596,4.2700000000000005,1.788
363,426,597,4.26,1.7910000000000001
364,426,597,4.26,1.7910000000000001
365,426,597,4.26,1.7910000000000001
366,426,597,4.26,1.7910000000000001
367,426,597,4.26,1.7910000000000001
368,426,597,4.26,1.7910000000000001
369,426,597,4.26,1.7910000000000001
370,426,597,4.26,1.7910000000000001
371,425,597,4.25,1.7910000000000001
372,425,597,4.25,1.7910000000000001
373,425,597,4.25,1.7910000000000001
374,425,597,4.25,1.7910000000000001
375,424,597,4.24,1.7910000000000001
376,424,597,4.24,1.7910000000000001
377,424,597,4.24,1.7910000000000001
378,424,597,4.24,1.7910000000000001
379,424,597,4.24,1.7910000000000001
380,424,597,4.24,1.7910000000000001
381,424,597,4.24,1.7910000000000001
382,424,597,4.24,1.7910000000000001
383,424,597,4.24,1.7910000000000001
384,424,597,4.24,1.7910000000000001
385,423,596,4.23,1.788
386,423,596,4.23,1.788
387,423,596,4.23,1.788
388,423,596,4.23,1.788
389,423,595,4.23,1.7850000000000001
390,423,595,4.23,1.7850000000000001
391,423,595,4.23,1.7850000000000001
392,423,595,4.23,1.7850000000000001
393,422,594,4.22,1.782
394,422,594,4.22,1.782
395,422,593,4.22,1.7790000000000001
396,423,593,4.23,1.7790000000000001
397,422,593,4.22,1.7790000000000001
398,422,592,4.22,1.776
399,422,592,4.22,1.776
400,421,592,4.21,1.776
401,422,591,4.22,1.7730000000000001
402,420,591,4.2,1.7730000000000001
403,420,590,4.2,1.77
404,420,590,4.2,1.77
405,420,589,4.2,1.7670000000000001
406,419,589,4.19,1.7670000000000001
407,419,588,4.19,1.764
408,419,588,4.19,1.764
409,419,587,4.19,1.7610000000000001
410,419,587,4.19,1.7610000000000001
411,418,586,4.18,1.758
412,418,586,4.18,1.758
413,418,585,4.18,1.7550000000000001
414,418,585,4.18,1.7550000000000001
415,418,584,4.18,1.752
416,417,584,4.17,1.752
417,417,583,4.17,1.749
418,418,582,4.18,1.746
419,417,582,4.17,1.746
420,417,581,4.17,1.743
421,417,581,4.17,1.743
422,416,580,4.16,1.74
423,416,580,4.16,1.74
424,416,579,4.16,1.737
425,416,579,4.16,1.737
426,415,578,4.15,1.734
427,415,578,4.15,1.734
428,415,577,4.15,1.731
429,415,577,4.15,1.731
430,415,576,4.15,1.728
431,415,576,4.15,1.728
432,415,575,4.15,1.725
433,415,575,4.15,1.725
434,415,574,4.15,1.722
435,415,574,4.15,1.722
436,415,573,4.15,1.719
437,415,573,4.15,1.719
438,415,572,4.15,1.716
439,416,572,4.16,1.716
440,416,571,4.16,1.713
441,416,571,4.16,1.713
442,416,570,4.16,1.71
443,416,570,4.16,1.71
444,416,569,4.16,1.707
445,416,569,4.16,1.707
446,416,568,4.16,1.704
447,416,568,4.16,1.704
448,416,567,4.16,1.701
449,416,567,4.16,1.701
450,417,566,4.17,1.698
451,417,566,4.17,1.698
452,418,565,4.18,1.695
453,418,565,4.18,1.695
454,418,564,4.18,1.692
455,419,564,4.19,1.692
456,419,564,4.19,1.692
457,420,563,4.2,1.689
458,420,563,4.2,1.689
459,421,563,4.21,1.689
460,421,563,4.21,1.689
461,421,562,4.21,1.686
462,422,562,4.22,1.686
463,423,562,4.23,1.686
464,423,561,4.23,1.683
465,424,561,4.24,1.683
466,424,561,4.24,1.683
467,424,560,4.24,1.68
468,425,560,4.25,1.68
469,425,560,4.25,1.68
470,426,559,4.26,1.677
471,426,559,4.26,1.677
472,427,558,4.2700000000000005,1.674
473,427,558,4.2700000000000005,1.674
474,427,558,4.2700000000000005,1.674
475,427,558,4.2700000000000005,1.674
476,428,557,4.28,1.671
477,429,555,4.29,1.665
478,429,556,4.29,1.668
479,429,556,4.29,1.668
480,429,556,4.29,1.668
481,430,556,4.3,1.668
482,431,555,4.3100000000000005,1.665
483,431,555,4.3100000000000005,1.665
484,432,554,4.32,1.6620000000000001
485,433,554,4.33,1.6620000000000001
486,431,554,4.3100000000000005,1.6620000000000001
487,432,554,4.32,1.6620000000000001
488,432,554,4.32,1.6620000000000001
489,432,554,4.32,1.6620000000000001
490,433,554,4.33,1.6620000000000001
491,433,553,4.33,1.659
492,435,553,4.3500000000000005,1.659
493,436,552,4.36,1.6560000000000001
494,436,552,4.36,1.6560000000000001
495,437,552,4.37,1.6560000000000001
496,438,551,4.38,1.653
497,437,552,4.37,1.6560000000000001
498,438,551,4.38,1.653
499,439,551,4.39,1.653
500,439,551,4.39,1.653
501,439,551,4.39,1.653
502,440,551,4.4,1.653
503,441,550,4.41,1.6500000000000001
504,441,550,4.41,1.6500000000000001
505,442,550,4.42,1.6500000000000001
506,442,550,4.42,1.6500000000000001
507,443,550,4.43,1.6500000000000001
508,444,550,4.44,1.6500000000000001
509,445,549,4.45,1.647
510,445,549,4.45,1.647
511,445,549,4.45,1.647
512,446,550,4.46,1.6500000000000001
513,447,549,4.47,1.647
514,448,548,4.48,1.6440000000000001
515,449,548,4.49,1.6440000000000001
516,449,548,4.49,1.6440000000000001
517,449,548,4.49,1.6440000000000001
518,449,548,4.49,1.6440000000000001
519,449,548,4.49,1.6440000000000001
520,450,548,4.5,1.6440000000000001
521,450,548,4.5,1.6440000000000001
522,450,548,4.5,1.6440000000000001
523,451,548,4.51,1.6440000000000001
524,451,548,4.51,1.6440000000000001
525,452,548,4.5200000000000005,1.6440000000000001
526,453,548,4.53,1.6440000000000001
527,453,547,4.53,1.641
528,454,547,4.54,1.641
529,454,547,4.54,1.641
530,455,547,4.55,1.641
531,455,547,4.55,1.641
532,455,547,4.55,1.641
533,456,547,4.5600000000000005,1.641
534,456,547,4.5600000000000005,1.641
535,457,547,4.57,1.641
536,457,546,4.57,1.6380000000000001
537,458,546,4.58,1.6380000000000001
538,458,546,4.58,1.6380000000000001
539,458,546,4.58,1.6380000000000001
540,459,546,4.59,1.6380000000000001
541,460,546,4.6000000000000005,1.6380000000000001
542,460,546,4.6000000000000005,1.6380000000000001
543,460,546,4.6000000000000005,1.6380000000000001
544,461,546,4.61,1.6380000000000001
545,461,546,4.61,1.6380000000000001
546,462,546,4.62,1.6380000000000001
547,462,545,4.62,1.635
548,462,546,4.62,1.6380000000000001
549,463,545,4.63,1.635
550,463,545,4.63,1.635
551,463,545,4.63,1.635
552,464,545,4.64,1.635
553,464,545,4.64,1.635
554,465,545,4.65,1.635
555,465,545,4.65,1.635
556,465,545,4.65,1.635
557,466,545,4.66,1.635
558,466,544,4.66,1.6320000000000001
559,467,544,4.67,1.6320000000000001
560,467,544,4.67,1.6320000000000001
561,467,544,4.67,1.6320000000000001
562,468,544,4.68,1.6320000000000001
563,468,544,4.68,1.6320000000000001
564,469,544,4.69,1.6320000000000001
565,469,544,4.69,1.6320000000000001
566,469,544,4.69,1.6320000000000001
567,470,544,4.7,1.6320000000000001
568,470,544,4.7,1.6320000000000001
569,471,543,4.71,1.629
570,471,543,4.71,1.629
571,472,543,4.72,1.629
572,472,543,4.72,1.629
573,473,543,4.73,1.629
574,473,543,4.73,1.629
575,473,543,4.73,1.629
576,474,543,4.74,1.629
577,474,543,4.74,1.629
578,474,543,4.74,1.629
579,475,543,4.75,1.629
580,475,543,4.75,1.629
581,476,542,4.76,1.6260000000000001
582,476,542,4.76,1.6260000000000001
583,477,542,4.7700000000000005,1.6260000000000001
584,477,542,4.7700000000000005,1.6260000000000001
585,478,542,4.78,1.6260000000000001
586,478,542,4.78,1.6260000000000001
587,479,542,4.79,1.6260000000000001
588,479,542,4.79,1.6260000000000001
589,479,542,4.79,1.6260000000000001
590,480,541,4.8,1.623
591,480,541,4.8,1.623
592,481,541,4.8100000000000005,1.623
593,481,541,4.8100000000000005,1.623
594,481,541,4.8100000000000005,1.623
595,482,541,4.82,1.623
596,482,540,4.82,1.62
597,483,540,4.83,1.62
598,483,540,4.83,1.62
599,483,540,4.83,1.62
600,483,540,4.83,1.62
601,484,539,4.84,1.617
602,484,539,4.84,1.617
603,485,539,4.8500000000000005,1.617
604,485,539,4.8500000000000005,1.617
605,485,539,4.8500000000000005,1.617
606,486,538,4.86,1.614
607,486,538,4.86,1.614
608,486,538,4.86,1.614
609,487,538,4.87,1.614
610,487,537,4.87,1.611
611,488,537,4.88,1.611
612,488,537,4.88,1.611
613,488,537,4.88,1.611
614,489,536,4.89,1.608
615,489,536,4.89,1.608
616,489,536,4.89,1.608
617,490,535,4.9,1.605
618,490,535,4.9,1.605
619,490,535,4.9,1.605
620,491,534,4.91,1.602
621,491,534,4.91,1.602
622,492,534,4.92,1.602
623,492,533,4.92,1.599
624,492,533,4.92,1.599
625,492,533,4.92,1.599
626,493,532,4.93,1.596
627,493,532,4.93,1.596
628,494,532,4.94,1.596
629,494,531,4.94,1.593
630,495,531,4.95,1.593
631,495,531,4.95,1.593
632,495,530,4.95,1.59
633,496,530,4.96,1.59
634,496,530,4.96,1.59
635,497,529,4.97,1.587
636,497,528,4.97,1.584
637,498,528,4.98,1.584
638,498,528,4.98,1.584
639,498,528,4.98,1.584
640,499,527,4.99,1.581
641,499,527,4.99,1.581
642,500,527,5.0,1.581
643,500,526,5.0,1.578
644,501,526,5.01,1.578
645,501,526,5.01,1.578
646,501,525,5.01,1.575
647,501,525,5.01,1.575
648,502,524,5.0200000000000005,1.572
649,502,524,5.0200000000000005,1.572
650,502,524,5.0200000000000005,1.572
651,503,523,5.03,1.569
652,503,523,5.03,1.569
653,503,522,5.03,1.566
654,504,522,5.04,1.566
655,504,522,5.04,1.566
656,504,521,5.04,1.563
657,504,521,5.04,1.563
658,505,521,5.05,1.563
659,505,521,5.05,1.563
660,505,520,5.05,1.56
661,505,520,5.05,1.56
662,506,520,5.0600000000000005,1.56
663,506,519,5.0600000000000005,1.557
664,507,519,5.07,1.557
665,507,519,5.07,1.557
666,507,518,5.07,1.554
667,507,518,5.07,1.554
668,507,518,5.07,1.554
669,508,518,5.08,1.554
670,507,517,5.07,1.551
671,508,517,5.08,1.551
672,508,517,5.08,1.551
673,509,516,5.09,1.548
674,509,516,5.09,1.548
675,509,516,5.09,1.548
676,509,515,5.09,1.545
677,509,515,5.09,1.545
678,510,515,5.1000000000000005,1.545
679,510,514,5.1000000000000005,1.542
680,510,514,5.1000000000000005,1.542
681,510,514,5.1000000000000005,1.542
682,511,513,5.11,1.539
683,511,513,5.11,1.539
684,511,513,5.11,1.539
685,512,513,5.12,1.539
686,512,512,5.12,1.536
687,512,513,5.12,1.539
688,513,512,5.13,1.536
689,513,512,5.13,1.536
690,513,512,5.13,1.536
691,513,512,5.13,1.536
692,513,512,5.13,1.536
693,514,511,5.14,1.5330000000000001
694,514,511,5.14,1.5330000000000001
695,514,511,5.14,1.5330000000000001
696,514,511,5.14,1.5330000000000001
697,514,511,5.14,1.5330000000000001
698,514,511,5.14,1.5330000000000001
699,515,510,5.15,1.53
700,516,510,5.16,1.53
701,516,510,5.16,1.53
702,516,510,5.16,1.53
703,516,510,5.16,1.53
704,516,510,5.16,1.53
705,516,509,5.16,1.5270000000000001
706,517,509,5.17,1.5270000000000001
707,517,509,5.17,1.5270000000000001
708,517,509,5.17,1.5270000000000001
709,517,509,5.17,1.5270000000000001
710,517,508,5.17,1.524
711,517,508,5.17,1.524
712,518,508,5.18,1.524
713,518,508,5.18,1.524
714,518,508,5.18,1.524
715,518,508,5.18,1.524
716,518,508,5.18,1.524
717,518,508,5.18,1.524
718,519,508,5.19,1.524
719,519,508,5.19,1.524
720,519,508,5.19,1.524
721,519,508,5.19,1.524
722,519,508,5.19,1.524
723,520,508,5.2,1.524
724,519,508,5.19,1.524
725,519,508,5.19,1.524
726,520,508,5.2,1.524
727,520,508,5.2,1.524
728,520,508,5.2,1.524
729,520,508,5.2,1.524
730,520,508,5.2,1.524
731,520,508,5.2,1.524
732,520,508,5.2,1.524
733,520,508,5.2,1.524
734,520,508,5.2,1.524
735,520,508,5.2,1.524
736,520,508,5.2,1.524
737,520,508,5.2,1.524
738,520,508,5.2,1.524
739,520,508,5.2,1.524
740,520,508,5.2,1.524
741,520,508,5.2,1.524
742,520,508,5.2,1.524
743,520,508,5.2,1.524
744,520,508,5.2,1.524
745,520,509,5.2,1.5270000000000001
746,520,509,5.2,1.5270000000000001
747,520,509,5.2,1.5270000000000001
748,521,509,5.21,1.5270000000000001
749,521,509,5.21,1.5270000000000001
750,521,509,5.21,1.5270000000000001
751,521,509,5.21,1.5270000000000001
752,521,510,5.21,1.53
753,522,509,5.22,1.5270000000000001
754,522,510,5.22,1.53
755,522,510,5.22,1.53
756,522,510,5.22,1.53
757,522,510,5.22,1.53
758,523,510,5.23,1.53
759,523,510,5.23,1.53
760,523,511,5.23,1.5330000000000001
761,523,511,5.23,1.5330000000000001
762,523,511,5.23,1.5330000000000001
763,524,511,5.24,1.5330000000000001
764,524,511,5.24,1.5330000000000001
765,524,511,5.24,1.5330000000000001
766,524,511,5.24,1.5330000000000001
767,525,511,5.25,1.5330000000000001
768,525,511,5.25,1.5330000000000001
769,525,511,5.25,1.5330000000000001
770,525,512,5.25,1.536
771,525,512,5.25,1.536
772,525,512,5.25,1.536
773,525,512,5.25,1.536
774,526,512,5.26,1.536
775,526,512,5.26,1.536
776,526,512,5.26,1.536
777,526,512,5.26,1.536
778,526,512,5.26,1.536
779,526,512,5.26,1.536
780,526,513,5.26,1.539
781,526,513,5.26,1.539
782,526,513,5.26,1.539
783,526,513,5.26,1.539
784,526,513,5.26,1.539
785,527,513,5.2700000000000005,1.539
786,526,513,5.26,1.539
787,526,513,5.26,1.539
788,526,513,5.26,1.539
789,526,513,5.26,1.539
790,526,513,5.26,1.539
791,528,512,5.28,1.536
792,528,513,5.28,1.539
793,526,513,5.26,1.539
794,526,513,5.26,1.539
795,527,513,5.2700000000000005,1.539
796,527,514,5.2700000000000005,1.542
797,527,514,5.2700000000000005,1.542
798,526,514,5.26,1.542
799,529,513,5.29,1.539
800,527,514,5.2700000000000005,1.542
801,527,514,5.2700000000000005,1.542
802,528,514,5.28,1.542
803,528,514,5.28,1.542
804,529,514,5.29,1.542
805,528,515,5.28,1.545
806,529,514,5.29,1.542
807,529,514,5.29,1.542
808,529,514,5.29,1.542
809,530,514,5.3,1.542
810,530,515,5.3,1.545
811,530,514,5.3,1.542
812,530,515,5.3,1.545
813,531,515,5.3100000000000005,1.545
814,532,514,5.32,1.542
815,531,515,5.3100000000000005,1.545
816,531,515,5.3100000000000005,1.545
817,532,515,5.32,1.545
818,532,515,5.32,1.545
819,531,515,5.3100000000000005,1.545
820,531,515,5.3100000000000005,1.545
821,532,515,5.32,1.545
822,532,515,5.32,1.545
823,533,515,5.33,1.545
824,533,515,5.33,1.545
825,533,515,5.33,1.545
826,533,515,5.33,1.545
827,533,515,5.33,1.545
828,534,515,5.34,1.545
829,534,515,5.34,1.545
830,534,515,5.34,1.545
831,534,515,5.34,1.545
832,532,515,5.32,1.545
833,534,515,5.34,1.545
834,534,515,5.34,1.545
835,534,515,5.34,1.545
836,534,515,5.34,1.545
837,534,515,5.34,1.545
838,534,515,5.34,1.545
839,534,515,5.34,1.545
840,533,515,5.33,1.545
841,533,515,5.33,1.545
842,535,515,5.3500000000000005,1.545
843,535,515,5.3500000000000005,1.545
844,535,515,5.3500000000000005,1.545
845,535,515,5.3500000000000005,1.545
846,535,515,5.3500000000000005,1.545
847,535,515,5.3500000000000005,1.545
848,536,515,5.36,1.545
849,533,514,5.33,1.542
850,536,515,5.36,1.545
851,536,515,5.36,1.545
852,536,515,5.36,1.545
853,534,514,5.34,1.542
854,536,515,5.36,1.545
855,537,515,5.37,1.545
856,537,516,5.37,1.548
857,534,514,5.34,1.542
858,537,516,5.37,1.548
859,538,516,5.38,1.548
860,538,516,5.38,1.548
861,537,516,5.37,1.548
862,539,516,5.39,1.548
863,535,514,5.3500000000000005,1.542
864,539,516,5.39,1.548
865,539,516,5.39,1.548
866,538,516,5.38,1.548
867,539,516,5.39,1.548
868,540,516,5.4,1.548
869,540,516,5.4,1.548
870,540,516,5.4,1.548
871,540,516,5.4,1.548
872,540,516,5.4,1.548
873,541,516,5.41,1.548
874,541,516,5.41,1.548
875,541,516,5.41,1.548
876,541,516,5.41,1.548
877,541,516,5.41,1.548
878,542,516,5.42,1.548
879,541,516,5.41,1.548
880,542,516,5.42,1.548
881,542,516,5.42,1.548
882,542,516,5.42,1.548
883,542,516,5.42,1.548
884,542,516,5.42,1.548
885,542,516,5.42,1.548
886,542,516,5.42,1.548
887,543,516,5.43,1.548
888,543,516,5.43,1.548
889,543,516,5.43,1.548
890,543,516,5.43,1.548
891,543,516,5.43,1.548
892,544,516,5.44,1.548
893,544,516,5.44,1.548
894,544,516,5.44,1.548
895,544,516,5.44,1.548
896,544,516,5.44,1.548
897,545,516,5.45,1.548
898,545,516,5.45,1.548
899,545,516,5.45,1.548
900,546,516,5.46,1.548
901,546,516,5.46,1.548
902,546,516,5.46,1.548
903,546,516,5.46,1.548
904,547,516,5.47,1.548
905,546,516,5.46,1.548
906,547,517,5.47,1.551
907,548,517,5.48,1.551
908,548,517,5.48,1.551
909,549,517,5.49,1.551
910,548,517,5.48,1.551
911,549,517,5.49,1.551
912,549,517,5.49,1.551
913,549,517,5.49,1.551
914,550,517,5.5,1.551
915,550,517,5.5,1.551
916,551,517,5.51,1.551
917,551,518,5.51,1.554
918,550,518,5.5,1.554
919,550,516,5.5,1.548
920,551,517,5.51,1.551
921,551,518,5.51,1.554
922,552,517,5.5200000000000005,1.551
923,553,518,5.53,1.554
924,553,518,5.53,1.554
925,553,518,5.53,1.554
926,553,518,5.53,1.554
927,554,517,5.54,1.551
928,554,518,5.54,1.554
929,555,518,5.55,1.554
930,555,518,5.55,1.554
931,556,518,5.5600000000000005,1.554
932,556,518,5.5600000000000005,1.554
933,557,518,5.57,1.554
934,557,518,5.57,1.554
935,557,518,5.57,1.554
936,558,518,5.58,1.554
937,558,518,5.58,1.554
938,558,518,5.58,1.554
939,558,517,5.58,1.551
940,559,518,5.59,1.554
941,559,518,5.59,1.554
942,560,518,5.6000000000000005,1.554
943,561,518,5.61,1.554
944,561,518,5.61,1.554
945,562,518,5.62,1.554
946,562,518,5.62,1.554
947,562,518,5.62,1.554
948,562,519,5.62,1.557
949,564,518,5.64,1.554
950,564,518,5.64,1.554
951,565,518,5.65,1.554
952,565,518,5.65,1.554
953,565,518,5.65,1.554
954,565,518,5.65,1.554
955,566,518,5.66,1.554
956,567,518,5.67,1.554
957,567,518,5.67,1.554
958,567,518,5.67,1.554
959,568,518,5.68,1.554
960,569,518,5.69,1.554
961,569,518,5.69,1.554
962,569,518,5.69,1.554
963,569,518,5.69,1.554
964,570,518,5.7,1.554
965,570,518,5.7,1.554
966,570,517,5.7,1.551
967,570,518,5.7,1.554
968,571,517,5.71,1.551
969,572,517,5.72,1.551
970,573,517,5.73,1.551
971,573,517,5.73,1.551
972,573,517,5.73,1.551
973,573,517,5.73,1.551
974,574,517,5.74,1.551
975,575,517,5.75,1.551
976,575,517,5.75,1.551
977,575,517,5.75,1.551
978,575,517,5.75,1.551
979,576,517,5.76,1.551
980,576,517,5.76,1.551
981,576,517,5.76,1.551
982,577,517,5.7700000000000005,1.551
983,577,517,5.7700000000000005,1.551
984,578,517,5.78,1.551
985,578,517,5.78,1.551
986,579,517,5.79,1.551
987,579,516,5.79,1.548
988,579,516,5.79,1.548
989,580,516,5.8,1.548
990,581,516,5.8100000000000005,1.548
991,581,516,5.8100000000000005,1.548
992,581,516,5.8100000000000005,1.548
993,581,516,5.8100000000000005,1.548
994,582,516,5.82,1.548
995,583,516,5.83,1.548
996,582,516,5.82,1.548
997,583,516,5.83,1.548
998,584,516,5.84,1.548
999,584,516,5.84,1.548
1000,584,516,5.84,1.548
1001,585,516,5.8500000000000005,1.548
1002,585,516,5.8500000000000005,1.548
1003,586,515,5.86,1.545
1004,586,515,5.86,1.545
1005,586,515,5.86,1.545
1006,586,515,5.86,1.545
1007,587,515,5.87,1.545
1008,588,515,5.88,1.545
1009,588,515,5.88,1.545
1010,589,514,5.89,1.542
1011,589,514,5.89,1.542
1012,589,513,5.89,1.539
1013,590,514,5.9,1.542
1014,590,514,5.9,1.542
1015,591,514,5.91,1.542
1016,591,514,5.91,1.542
1017,591,514,5.91,1.542
1018,592,513,5.92,1.539
1019,592,513,5.92,1.539
1020,593,513,5.93,1.539
1021,593,513,5.93,1.539
1022,594,513,5.94,1.539
1023,595,513,5.95,1.539
1024,596,512,5.96,1.536
1025,595,513,5.95,1.539
1026,595,513,5.95,1.539
1027,596,512,5.96,1.536
1028,597,512,5.97,1.536
1029,597,512,5.97,1.536
1030,598,512,5.98,1.536
1031,598,512,5.98,1.536
1032,599,512,5.99,1.536
1033,599,512,5.99,1.536
1034,599,512,5.99,1.536
1035,599,512,5.99,1.536
1036,600,512,6.0,1.536
1037,601,511,6.01,1.5330000000000001
1038,601,511,6.01,1.5330000000000001
1039,602,511,6.0200000000000005,1.5330000000000001
1040,603,511,6.03,1.5330000000000001
1041,603,511,6.03,1.5330000000000001
1042,603,511,6.03,1.5330000000000001
1043,604,511,6.04,1.5330000000000001
1044,604,510,6.04,1.53
1045,605,510,6.05,1.53
1046,606,510,6.0600000000000005,1.53
1047,606,510,6.0600000000000005,1.53
1048,607,510,6.07,1.53
1049,607,510,6.07,1.53
1050,608,510,6.08,1.53
1051,608,510,6.08,1.53
1052,608,510,6.08,1.53
1053,609,510,6.09,1.53
1054,609,510,6.09,1.53
1055,610,509,6.1000000000000005,1.5270000000000001
1056,610,508,6.1000000000000005,1.524
1057,611,509,6.11,1.5270000000000001
1058,611,509,6.11,1.5270000000000001
1059,611,509,6.11,1.5270000000000001
1060,612,509,6.12,1.5270000000000001
1061,612,509,6.12,1.5270000000000001
1062,612,509,6.12,1.5270000000000001
1063,613,509,6.13,1.5270000000000001
1064,613,508,6.13,1.524
1065,614,508,6.140000000000001,1.524
1066,615,508,6.15,1.524
1067,615,508,6.15,1.524
1068,616,508,6.16,1.524
1069,616,508,6.16,1.524
1070,617,508,6.17,1.524
1071,618,508,6.18,1.524
1072,617,507,6.17,1.5210000000000001
1073,617,507,6.17,1.5210000000000001
1074,618,507,6.18,1.5210000000000001
1075,618,507,6.18,1.5210000000000001
1076,619,507,6.19,1.5210000000000001
1077,619,507,6.19,1.5210000000000001
1078,620,507,6.2,1.5210000000000001
1079,621,507,6.21,1.5210000000000001
1080,622,506,6.22,1.518
1081,622,506,6.22,1.518
1082,622,506,6.22,1.518
1083,623,506,6.23,1.518
1084,623,506,6.23,1.518
1085,623,506,6.23,1.518
1086,625,505,6.25,1.5150000000000001
1087,625,505,6.25,1.5150000000000001
1088,625,505,6.25,1.5150000000000001
1089,626,505,6.26,1.5150000000000001
1090,626,505,6.26,1.5150000000000001
1091,626,504,6.26,1.512
1092,627,505,6.2700000000000005,1.5150000000000001
1093,628,504,6.28,1.512
1094,629,504,6.29,1.512
1095,628,504,6.28,1.512
1096,629,504,6.29,1.512
1097,630,503,6.3,1.5090000000000001
1098,630,504,6.3,1.512
1099,630,503,6.3,1.5090000000000001
1100,631,503,6.3100000000000005,1.5090000000000001
1101,631,503,6.3100000000000005,1.5090000000000001
1102,632,503,6.32,1.5090000000000001
1103,633,503,6.33,1.5090000000000001
1104,633,503,6.33,1.5090000000000001
1105,633,502,6.33,1.506
1106,634,502,6.34,1.506
1107,634,502,6.34,1.506
1108,635,502,6.3500000000000005,1.506
1109,635,502,6.3500000000000005,1.506
1110,636,502,6.36,1.506
1111,637,502,6.37,1.506
1112,637,502,6.37,1.506
1113,638,502,6.38,1.506
1114,638,502,6.38,1.506
1115,638,502,6.38,1.506
1116,639,502,6.390000000000001,1.506
1117,640,502,6.4,1.506
1118,641,501,6.41,1.5030000000000001
1119,641,501,6.41,1.5030000000000001
1120,642,501,6.42,1.5030000000000001
1121,642,501,6.42,1.5030000000000001
1122,643,501,6.43,1.5030000000000001
1123,643,501,6.43,1.5030000000000001
1124,644,500,6.44,1.5
1125,645,500,6.45,1.5
1126,645,500,6.45,1.5
1127,646,500,6.46,1.5
1128,647,500,6.47,1.5
1129,647,500,6.47,1.5
1130,648,500,6.48,1.5
1131,648,500,6.48,1.5
1132,649,500,6.49,1.5
1133,649,500,6.49,1.5
1134,650,499,6.5,1.497
1135,651,499,6.51,1.497
1136,651,499,6.51,1.497
1137,651,499,6.51,1.497
1138,652,499,6.5200000000000005,1.497
1139,652,499,6.5200000000000005,1.497
1140,653,499,6.53,1.497
1141,654,499,6.54,1.497
1142,655,498,6.55,1.494
1143,655,499,6.55,1.497
1144,656,499,6.5600000000000005,1.497
1145,656,498,6.5600000000000005,1.494
1146,658,498,6.58,1.494
1147,658,498,6.58,1.494
1148,658,498,6.58,1.494
1149,659,498,6.59,1.494
1150,659,498,6.59,1.494
1151,660,498,6.6000000000000005,1.494
1152,660,498,6.6000000000000005,1.494
1153,661,498,6.61,1.494
1154,662,497,6.62,1.491
1155,662,497,6.62,1.491
1156,663,497,6.63,1.491
1157,663,497,6.63,1.491
1158,664,497,6.640000000000001,1.491
1159,665,497,6.65,1.491
1160,665,497,6.65,1.491
1161,666,497,6.66,1.491
1162,667,497,6.67,1.491
1163,667,497,6.67,1.491
1164,668,497,6.68,1.491
1165,668,497,6.68,1.491
1166,669,497,6.69,1.491
1167,670,496,6.7,1.488
1168,671,496,6.71,1.488
1169,671,496,6.71,1.488
1170,672,496,6.72,1.488
1171,673,496,6.73,1.488
1172,673,496,6.73,1.488
1173,674,496,6.74,1.488
1174,674,496,6.74,1.488
1175,675,496,6.75,1.488
1176,676,496,6.76,1.488
1177,676,496,6.76,1.488
1178,677,495,6.7700000000000005,1.485
1179,677,495,6.7700000000000005,1.485
1180,679,495,6.79,1.485
1181,679,495,6.79,1.485
1182,680,495,6.8,1.485
1183,680,495,6.8,1.485
1184,681,495,6.8100000000000005,1.485
1185,682,495,6.82,1.485
1186,682,495,6.82,1.485
1187,683,495,6.83,1.485
1188,683,495,6.83,1.485
1189,684,495,6.84,1.485
1190,685,494,6.8500000000000005,1.482
1191,685,494,6.8500000000000005,1.482
1192,686,494,6.86,1.482
1193,687,494,6.87,1.482
1194,688,494,6.88,1.482
1195,688,494,6.88,1.482
1196,689,494,6.890000000000001,1.482
1197,690,494,6.9,1.482
1198,690,494,6.9,1.482
1199,691,493,6.91,1.479
1200,692,493,6.92,1.479
1201,692,493,6.92,1.479
1202,693,493,6.93,1.479
1203,694,493,6.94,1.479
1204,694,493,6.94,1.479
1205,695,493,6.95,1.479
1206,696,493,6.96,1.479
1207,697,492,6.97,1.476
1208,697,492,6.97,1.476
1209,698,492,6.98,1.476
1210,699,492,6.99,1.476
1211,699,492,6.99,1.476
1212,700,492,7.0,1.476
1213,701,492,7.01,1.476
1214,702,492,7.0200000000000005,1.476
1215,702,492,7.0200000000000005,1.476
1216,703,492,7.03,1.476
1217,704,491,7.04,1.473
1218,705,491,7.05,1.473
1219,706,491,7.0600000000000005,1.473
1220,706,491,7.0600000000000005,1.473
1221,707,491,7.07,1.473
1222,708,491,7.08,1.473
1223,709,490,7.09,1.47
1224,709,490,7.09,1.47
1225,710,490,7.1000000000000005,1.47
1226,711,490,7.11,1.47
1227,712,490,7.12,1.47
1228,713,489,7.13,1.467
1229,713,490,7.13,1.47
1230,714,490,7.140000000000001,1.47
1231,715,489,7.15,1.467
1232,716,489,7.16,1.467
1233,717,489,7.17,1.467
1234,717,489,7.17,1.467
1235,717,489,7.17,1.467
1236,719,489,7.19,1.467
1237,719,489,7.19,1.467
1238,720,489,7.2,1.467
1239,721,489,7.21,1.467
1240,721,489,7.21,1.467
1241,722,489,7.22,1.467
1242,723,489,7.23,1.467
1243,723,489,7.23,1.467
1244,724,488,7.24,1.464
1245,725,488,7.25,1.464
1246,726,488,7.26,1.464
1247,726,488,7.26,1.464
1248,727,488,7.2700000000000005,1.464
1249,728,488,7.28,1.464
1250,729,488,7.29,1.464
1251,730,487,7.3,1.461
1252,731,487,7.3100000000000005,1.461
1253,731,487,7.3100000000000005,1.461
1254,732,487,7.32,1.461
1255,733,487,7.33,1.461
1256,734,487,7.34,1.461
1257,735,486,7.3500000000000005,1.458
1258,736,486,7.36,1.458
1259,737,486,7.37,1.458
1260,738,486,7.38,1.458
1261,738,486,7.38,1.458
1262,739,486,7.390000000000001,1.458
1263,740,486,7.4,1.458
1264,741,486,7.41,1.458
1265,741,486,7.41,1.458
1266,742,485,7.42,1.455
1267,743,485,7.43,1.455
1268,743,485,7.43,1.455
1269,745,485,7.45,1.455
1270,745,485,7.45,1.455
1271,746,485,7.46,1.455
1272,747,485,7.47,1.455
1273,748,485,7.48,1.455
1274,748,484,7.48,1.452
1275,749,485,7.49,1.455
1276,750,484,7.5,1.452
1277,751,484,7.51,1.452
1278,751,484,7.51,1.452
1279,752,485,7.5200000000000005,1.455
1280,752,485,7.5200000000000005,1.455
1281,753,484,7.53,1.452
1282,754,484,7.54,1.452
1283,755,484,7.55,1.452
1284,756,484,7.5600000000000005,1.452
1285,756,484,7.5600000000000005,1.452
1286,757,484,7.57,1.452
1287,758,484,7.58,1.452
1288,759,484,7.59,1.452
1289,760,484,7.6000000000000005,1.452
1290,760,484,7.6000000000000005,1.452
1291,761,483,7.61,1.449
1292,761,483,7.61,1.449
1293,762,483,7.62,1.449
1294,763,483,7.63,1.449
1295,763,483,7.63,1.449
1296,764,482,7.640000000000001,1.446
1297,765,483,7.65,1.449
1298,766,482,7.66,1.446
1299,765,482,7.65,1.446
1300,766,482,7.66,1.446
1301,767,482,7.67,1.446
1302,767,482,7.67,1.446
1303,768,482,7.68,1.446
1304,769,482,7.69,1.446
1305,770,482,7.7,1.446
1306,770,482,7.7,1.446
1307,771,481,7.71,1.443
1308,772,481,7.72,1.443
1309,773,481,7.73,1.443
1310,772,481,7.72,1.443
1311,773,481,7.73,1.443
1312,775,481,7.75,1.443
1313,775,481,7.75,1.443
1314,776,481,7.76,1.443
1315,777,481,7.7700000000000005,1.443
1316,777,481,7.7700000000000005,1.443
1317,777,481,7.7700000000000005,1.443
1318,779,480,7.79,1.44
1319,779,480,7.79,1.44
1320,779,481,7.79,1.443
1321,780,480,7.8,1.44
1322,781,481,7.8100000000000005,1.443
1323,781,480,7.8100000000000005,1.44
1324,781,480,7.8100000000000005,1.44
1325,782,480,7.82,1.44
1326,783,480,7.83,1.44
1327,783,480,7.83,1.44
1328,784,480,7.84,1.44
1329,785,480,7.8500000000000005,1.44
1330,785,479,7.8500000000000005,1.437
1331,786,479,7.86,1.437
1332,786,479,7.86,1.437
1333,786,479,7.86,1.437
1334,788,479,7.88,1.437
1335,788,479,7.88,1.437
1336,788,479,7.88,1.437
1337,789,479,7.890000000000001,1.437
1338,790,479,7.9,1.437
1339,791,479,7.91,1.437
1340,791,478,7.91,1.434
1341,792,478,7.92,1.434
1342,792,478,7.92,1.434
1343,793,478,7.930000000000001,1.434
1344,795,478,7.95,1.434
1345,794,477,7.94,1.431
1346,795,478,7.95,1.434
1347,795,477,7.95,1.431
1348,796,477,7.96,1.431
1349,796,477,7.96,1.431
1350,797,477,7.97,1.431
1351,798,477,7.98,1.431
1352,798,476,7.98,1.428
1353,799,476,7.99,1.428
1354,799,476,7.99,1.428
1355,800,476,8.0,1.428
1356,800,476,8.0,1.428
1357,802,476,8.02,1.428
1358,802,476,8.02,1.428
1359,802,475,8.02,1.425
1360,802,475,8.02,1.425
1361,803,475,8.03,1.425
1362,804,475,8.040000000000001,1.425
1363,803,475,8.03,1.425
1364,804,475,8.040000000000001,1.425
1365,806,475,8.06,1.425
1366,805,475,8.05,1.425
1367,806,475,8.06,1.425
1368,807,475,8.07,1.425
1369,807,474,8.07,1.422
1370,808,474,8.08,1.422
1371,809,474,8.09,1.422
1372,809,474,8.09,1.422
1373,810,474,8.1,1.422
1374,810,474,8.1,1.422
1375,810,473,8.1,1.419
1376,810,473,8.1,1.419
1377,811,473,8.11,1.419
1378,812,473,8.120000000000001,1.419
1379,813,473,8.13,1.419
1380,814,473,8.14,1.419
1381,814,472,8.14,1.416
1382,814,472,8.14,1.416
1383,815,472,8.15,1.416
1384,816,472,8.16,1.416
1385,817,472,8.17,1.416
1386,816,472,8.16,1.416
1387,817,472,8.17,1.416
1388,817,472,8.17,1.416
1389,818,471,8.18,1.413
1390,818,471,8.18,1.413
1391,819,471,8.19,1.413
1392,820,471,8.2,1.413
1393,820,471,8.2,1.413
1394,821,471,8.21,1.413
1395,821,471,8.21,1.413
1396,821,471,8.21,1.413
1397,822,471,8.22,1.413
1398,823,471,8.23,1.413
1399,823,470,8.23,1.41
1400,824,470,8.24,1.41
1401,824,470,8.24,1.41
1402,826,470,8.26,1.41
1403,825,469,8.25,1.407
1404,827,470,8.27,1.41
1405,826,469,8.26,1.407
1406,827,469,8.27,1.407
1407,828,469,8.28,1.407
1408,828,469,8.28,1.407
1409,829,468,8.290000000000001,1.4040000000000001
1410,829,468,8.290000000000001,1.4040000000000001
1411,831,468,8.31,1.4040000000000001
1412,831,468,8.31,1.4040000000000001
1413,831,468,8.31,1.4040000000000001
1414,832,468,8.32,1.4040000000000001
1415,833,468,8.33,1.4040000000000001
1416,833,468,8.33,1.4040000000000001
1417,834,468,8.34,1.4040000000000001
1418,834,468,8.34,1.4040000000000001
1419,835,468,8.35,1.4040000000000001
1420,836,468,8.36,1.4040000000000001
1421,836,467,8.36,1.401
1422,837,467,8.370000000000001,1.401
1423,838,467,8.38,1.401
1424,838,467,8.38,1.401
1425,839,467,8.39,1.401
1426,839,467,8.39,1.401
1427,841,467,8.41,1.401
1428,841,467,8.41,1.401
1429,841,466,8.41,1.3980000000000001
1430,842,466,8.42,1.3980000000000001
1431,842,466,8.42,1.3980000000000001
1432,842,466,8.42,1.3980000000000001
1433,843,466,8.43,1.3980000000000001
1434,844,465,8.44,1.395
1435,845,464,8.45,1.3920000000000001
1436,845,465,8.45,1.395
1437,845,465,8.45,1.395
1438,845,465,8.45,1.395
1439,846,465,8.46,1.395
1440,846,465,8.46,1.395
1441,847,465,8.47,1.395
1442,848,464,8.48,1.3920000000000001
1443,849,465,8.49,1.395
1444,849,465,8.49,1.395
1445,849,464,8.49,1.3920000000000001
1446,850,464,8.5,1.3920000000000001
1447,851,464,8.51,1.3920000000000001
1448,852,464,8.52,1.3920000000000001
1449,852,464,8.52,1.3920000000000001
1450,852,464,8.52,1.3920000000000001
1451,853,463,8.53,1.389
1452,854,463,8.540000000000001,1.389
1453,854,463,8.540000000000001,1.389
1454,855,463,8.55,1.389
1455,856,463,8.56,1.389
1456,856,462,8.56,1.3860000000000001
1457,857,463,8.57,1.389
1458,858,463,8.58,1.389
1459,858,462,8.58,1.3860000000000001
1460,859,463,8.59,1.389
1461,860,463,8.6,1.389
1462,860,462,8.6,1.3860000000000001
1463,860,462,8.6,1.3860000000000001
1464,861,462,8.61,1.3860000000000001
1465,861,462,8.61,1.3860000000000001
1466,862,461,8.620000000000001,1.383
1467,863,461,8.63,1.383
1468,863,461,8.63,1.383
1469,864,461,8.64,1.383
1470,865,461,8.65,1.383
1471,865,461,8.65,1.383
1472,866,460,8.66,1.3800000000000001
1473,867,460,8.67,1.3800000000000001
1474,867,460,8.67,1.3800000000000001
1475,868,460,8.68,1.3800000000000001
1476,869,460,8.69,1.3800000000000001
1477,869,459,8.69,1.377
1478,870,460,8.700000000000001,1.3800000000000001
1479,870,459,8.700000000000001,1.377
1480,871,459,8.71,1.377
1481,871,459,8.71,1.377
1482,872,459,8.72,1.377
1483,873,459,8.73,1.377
1484,874,459,8.74,1.377
1485,873,458,8.73,1.374
1486,874,458,8.74,1.374
1487,875,458,8.75,1.374
1488,875,458,8.75,1.374
1489,876,458,8.76,1.374
1490,877,457,8.77,1.371
1491,877,457,8.77,1.371
1492,878,457,8.78,1.371
1493,878,457,8.78,1.371
1494,879,456,8.790000000000001,1.368
1495,880,456,8.8,1.368
1496,880,457,8.8,1.371
1497,880,457,8.8,1.371
1498,881,457,8.81,1.371
1499,882,457,8.82,1.371
1500,882,456,8.82,1.368
1501,882,456,8.82,1.368
1502,883,456,8.83,1.368
1503,883,456,8.83,1.368
1504,884,456,8.84,1.368
1505,885,456,8.85,1.368
1506,885,455,8.85,1.365
1507,885,455,8.85,1.365
1508,886,455,8.86,1.365
1509,886,455,8.86,1.365
1510,886,455,8.86,1.365
1511,887,455,8.870000000000001,1.365
1512,887,454,8.870000000000001,1.362
1513,888,454,8.88,1.362
1514,889,455,8.89,1.365
1515,889,454,8.89,1.362
1516,890,454,8.9,1.362
1517,890,454,8.9,1.362
1518,891,454,8.91,1.362
1519,891,453,8.91,1.359
1520,892,453,8.92,1.359
1521,892,453,8.92,1.359
1522,892,453,8.92,1.359
1523,892,453,8.92,1.359
1524,892,453,8.92,1.359
1525,893,453,8.93,1.359
1526,894,453,8.94,1.359
1527,893,453,8.93,1.359
1528,895,452,8.950000000000001,1.356
1529,896,452,8.96,1.356
1530,897,452,8.97,1.356
1531,897,452,8.97,1.356
1532,898,452,8.98,1.356
1533,898,452,8.98,1.356
1534,899,451,8.99,1.353
1535,899,451,8.99,1.353
1536,899,451,8.99,1.353
1537,900,451,9.0,1.353
1538,900,451,9.0,1.353
1539,899,451,8.99,1.353
1540,899,451,8.99,1.353
1541,900,451,9.0,1.353
1542,900,451,9.0,1.353
1543,901,451,9.01,1.353
1544,901,451,9.01,1.353
1545,902,451,9.02,1.353
1546,903,450,9.03,1.35
1547,903,450,9.03,1.35
1548,903,450,9.03,1.35
1549,904,450,9.040000000000001,1.35
1550,904,450,9.040000000000001,1.35
1551,904,450,9.040000000000001,1.35
1552,905,450,9.05,1.35
1553,906,450,9.06,1.35
1554,906,450,9.06,1.35
1555,906,450,9.06,1.35
1556,907,450,9.07,1.35
1557,907,450,9.07,1.35
1558,908,450,9.08,1.35
1559,909,449,9.09,1.347
1560,909,450,9.09,1.35
1561,910,450,9.1,1.35
1562,910,450,9.1,1.35
1563,910,449,9.1,1.347
1564,910,449,9.1,1.347
1565,911,449,9.11,1.347
1566,911,449,9.11,1.347
1567,912,449,9.120000000000001,1.347
1568,912,449,9.120000000000001,1.347
1569,913,449,9.13,1.347
1570,913,449,9.13,1.347
1571,913,449,9.13,1.347
1572,914,449,9.14,1.347
1573,914,449,9.14,1.347
1574,915,449,9.15,1.347
1575,915,449,9.15,1.347
1576,914,449,9.14,1.347
1577,916,449,9.16,1.347
1578,916,449,9.16,1.347
1579,916,449,9.16,1.347
1580,917,449,9.17,1.347
1581,917,450,9.17,1.35
1582,917,450,9.17,1.35
1583,918,450,9.18,1.35
1584,919,450,9.19,1.35
1585,920,450,9.200000000000001,1.35
1586,921,451,9.21,1.353
1587,921,451,9.21,1.353
1588,918,449,9.18,1.347
1589,922,451,9.22,1.353
1590,921,451,9.21,1.353
1591,919,450,9.19,1.35
1592,923,451,9.23,1.353
1593,924,451,9.24,1.353
1594,924,451,9.24,1.353
1595,925,452,9.25,1.356
1596,925,451,9.25,1.353
1597,925,452,9.25,1.356
1598,926,451,9.26,1.353
1599,927,451,9.27,1.353
1600,927,452,9.27,1.356
1601,927,452,9.27,1.356
1602,928,452,9.28,1.356
1603,928,452,9.28,1.356
1604,928,452,9.28,1.356
1605,929,452,9.290000000000001,1.356
1606,929,453,9.290000000000001,1.359
1607,929,453,9.290000000000001,1.359
1608,930,453,9.3,1.359
1609,930,453,9.3,1.359
1610,931,453,9.31,1.359
1611,931,453,9.31,1.359
1612,931,454,9.31,1.362
1613,931,454,9.31,1.362
1614,932,454,9.32,1.362
1615,932,454,9.32,1.362
1616,932,454,9.32,1.362
1617,933,454,9.33,1.362
1618,933,454,9.33,1.362
1619,933,455,9.33,1.365
1620,934,455,9.34,1.365
1621,934,455,9.34,1.365
1622,934,456,9.34,1.368
1623,935,456,9.35,1.368
1624,935,456,9.35,1.368
1625,935,456,9.35,1.368
1626,935,456,9.35,1.368
1627,936,456,9.36,1.368
1628,936,457,9.36,1.371
1629,937,457,9.370000000000001,1.371
1630,937,457,9.370000000000001,1.371
1631,937,457,9.370000000000001,1.371
1632,937,457,9.370000000000001,1.371
1633,938,457,9.38,1.371
1634,938,457,9.38,1.371
1635,938,458,9.38,1.374
1636,939,458,9.39,1.374
1637,939,458,9.39,1.374
1638,939,458,9.39,1.374
1639,939,458,9.39,1.374
1640,940,459,9.4,1.377
1641,940,459,9.4,1.377
1642,940,459,9.4,1.377
1643,941,460,9.41,1.3800000000000001
1644,941,460,9.41,1.3800000000000001
1645,941,460,9.41,1.3800000000000001
1646,941,460,9.41,1.3800000000000001
1647,942,461,9.42,1.383
1648,942,461,9.42,1.383
1649,942,461,9.42,1.383
1650,942,461,9.42,1.383
1651,943,461,9.43,1.383
1652,943,461,9.43,1.383
1653,943,462,9.43,1.3860000000000001
1654,943,462,9.43,1.3860000000000001
1655,944,463,9.44,1.389
1656,944,463,9.44,1.389
1657,944,463,9.44,1.389
1658,944,463,9.44,1.389
1659,945,464,9.450000000000001,1.3920000000000001
1660,945,464,9.450000000000001,1.3920000000000001
1661,945,464,9.450000000000001,1.3920000000000001
1662,945,464,9.450000000000001,1.3920000000000001
1663,946,464,9.46,1.3920000000000001
1664,946,465,9.46,1.395
1665,946,465,9.46,1.395
1666,946,465,9.46,1.395
1667,947,466,9.47,1.3980000000000001
1668,947,466,9.47,1.3980000000000001
1669,947,466,9.47,1.3980000000000001
1670,948,467,9.48,1.401
1671,948,467,9.48,1.401
1672,948,467,9.48,1.401
1673,948,467,9.48,1.401
1674,949,468,9.49,1.4040000000000001
1675,949,468,9.49,1.4040000000000001
1676,949,469,9.49,1.407
1677,949,469,9.49,1.407
1678,950,469,9.5,1.407
1679,950,470,9.5,1.41
1680,951,469,9.51,1.407
1681,951,471,9.51,1.413
1682,951,471,9.51,1.413
1683,951,471,9.51,1.413
1684,952,471,9.52,1.413
1685,952,471,9.52,1.413
1686,952,472,9.52,1.416
1687,953,472,9.53,1.416
1688,953,471,9.53,1.413
1689,953,473,9.53,1.419
1690,954,472,9.540000000000001,1.416
1691,954,473,9.540000000000001,1.419
1692,954,474,9.540000000000001,1.422
1693,954,474,9.540000000000001,1.422
1694,954,474,9.540000000000001,1.422
1695,955,475,9.55,1.425
1696,955,474,9.55,1.422
1697,955,475,9.55,1.425
1698,956,475,9.56,1.425
1699,956,476,9.56,1.428
1700,956,476,9.56,1.428
1701,956,476,9.56,1.428
1702,956,476,9.56,1.428
1703,957,476,9.57,1.428
1704,957,477,9.57,1.431
1705,957,478,9.57,1.434
1706,957,477,9.57,1.431
1707,958,479,9.58,1.437
1708,957,478,9.57,1.434
1709,958,479,9.58,1.437
1710,958,479,9.58,1.437
1711,958,479,9.58,1.437
1712,958,479,9.58,1.437
1713,958,480,9.58,1.44
1714,958,480,9.58,1.44
1715,959,481,9.59,1.443
1716,959,480,9.59,1.44
1717,959,481,9.59,1.443
1718,959,481,9.59,1.443
1719,960,481,9.6,1.443
1720,959,482,9.59,1.446
1721,961,481,9.61,1.443
1722,960,483,9.6,1.449
1723,960,483,9.6,1.449
1724,961,482,9.61,1.446
1725,961,482,9.61,1.446
1726,960,483,9.6,1.449
1727,961,483,9.61,1.449
1728,961,483,9.61,1.449
1729,962,483,9.620000000000001,1.449
1730,961,484,9.61,1.452
1731,962,484,9.620000000000001,1.452
1732,962,484,9.620000000000001,1.452
1733,961,484,9.61,1.452
1734,961,484,9.61,1.452
1735,962,484,9.620000000000001,1.452
1736,962,485,9.620000000000001,1.455
1737,962,485,9.620000000000001,1.455
1738,963,485,9.63,1.455
1739,962,486,9.620000000000001,1.458
1740,963,485,9.63,1.455
1741,962,486,9.620000000000001,1.458
1742,962,486,9.620000000000001,1.458
1743,961,486,9.61,1.458
1744,961,486,9.61,1.458
1745,961,486,9.61,1.458
1746,961,486,9.61,1.458
1747,962,486,9.620000000000001,1.458
1748,961,487,9.61,1.461
1749,961,487,9.61,1.461
1750,962,487,9.620000000000001,1.461
1751,961,487,9.61,1.461
1752,961,487,9.61,1.461
1753,961,487,9.61,1.461
1754,961,486,9.61,1.458
1755,962,487,9.620000000000001,1.461
1756,962,487,9.620000000000001,1.461
1757,962,487,9.620000000000001,1.461
1758,962,487,9.620000000000001,1.461
1759,961,487,9.61,1.461
1760,961,487,9.61,1.461
1761,961,487,9.61,1.461
1762,960,487,9.6,1.461
1763,960,486,9.6,1.458
1764,961,487,9.61,1.461
1765,961,487,9.61,1.461
1766,961,487,9.61,1.461
1767,961,487,9.61,1.461
1768,961,487,9.61,1.461
1769,961,487,9.61,1.461
1770,961,487,9.61,1.461
1771,961,486,9.61,1.458
1772,961,486,9.61,1.458
1773,961,486,9.61,1.458
1774,961,486,9.61,1.458
1775,961,486,9.61,1.458
1776,962,486,9.620000000000001,1.458
1777,962,486,9.620000000000001,1.458
1778,962,486,9.620000000000001,1.458
1779,961,486,9.61,1.458
1780,960,486,9.6,1.458
1781,962,485,9.620000000000001,1.455
1782,961,485,9.61,1.455
1783,961,485,9.61,1.455
1784,961,485,9.61,1.455
1785,961,485,9.61,1.455
1786,961,485,9.61,1.455
1787,961,485,9.61,1.455
1788,962,485,9.620000000000001,1.455
1789,960,484,9.6,1.452
1790,961,485,9.61,1.455
1791,960,484,9.6,1.452
1792,960,484,9.6,1.452
1793,960,484,9.6,1.452
1794,960,484,9.6,1.452
1795,960,483,9.6,1.449
1796,959,484,9.59,1.452
1797,961,483,9.61,1.449
1798,960,483,9.6,1.449
1799,960,483,9.6,1.449
1800,960,482,9.6,1.446
1801,961,482,9.61,1.446
1802,960,482,9.6,1.446
1803,962,481,9.620000000000001,1.443
1804,960,481,9.6,1.443
1805,960,481,9.6,1.443
1806,961,480,9.61,1.44
1807,960,480,9.6,1.44
1808,960,480,9.6,1.44
1809,960,479,9.6,1.437
1810,959,479,9.59,1.437
1811,959,479,9.59,1.437
1812,959,478,9.59,1.434
1813,959,478,9.59,1.434
1814,959,478,9.59,1.434
1815,961,477,9.61,1.431
1816,961,477,9.61,1.431
1817,960,476,9.6,1.428
1818,959,476,9.59,1.428
1819,959,476,9.59,1.428
1820,960,475,9.6,1.425
1821,960,475,9.6,1.425
1822,961,474,9.61,1.422
1823,961,474,9.61,1.422
1824,960,473,9.6,1.419
1825,959,473,9.59,1.419
1826,960,473,9.6,1.419
1827,959,472,9.59,1.416
1828,959,472,9.59,1.416
1829,961,471,9.61,1.413
1830,960,471,9.6,1.413
1831,961,470,9.61,1.41
1832,961,470,9.61,1.41
1833,959,470,9.59,1.41
1834,959,469,9.59,1.407
1835,959,469,9.59,1.407
1836,959,469,9.59,1.407
1837,960,468,9.6,1.4040000000000001
1838,960,468,9.6,1.4040000000000001
1839,960,468,9.6,1.4040000000000001
1840,960,467,9.6,1.401
1841,960,467,9.6,1.401
1842,959,467,9.59,1.401
1843,961,467,9.61,1.401
1844,959,466,9.59,1.3980000000000001
1845,960,465,9.6,1.395
1846,959,465,9.59,1.395
1847,960,465,9.6,1.395
1848,961,464,9.61,1.3920000000000001
1849,959,463,9.59,1.389
1850,961,463,9.61,1.389
1851,960,463,9.6,1.389
1852,961,462,9.61,1.3860000000000001
1853,961,461,9.61,1.383
1854,959,461,9.59,1.383
1855,961,461,9.61,1.383
1856,960,460,9.6,1.3800000000000001
1857,960,460,9.6,1.3800000000000001
1858,962,458,9.620000000000001,1.374
1859,961,458,9.61,1.374
1860,960,458,9.6,1.374
1861,960,457,9.6,1.371
1862,960,457,9.6,1.371
1863,962,456,9.620000000000001,1.368
1864,960,456,9.6,1.368
1865,961,456,9.61,1.368
1866,960,455,9.6,1.365
1867,961,455,9.61,1.365
1868,961,454,9.61,1.362
1869,961,454,9.61,1.362
1870,961,453,9.61,1.359
1871,960,453,9.6,1.359
1872,960,452,9.6,1.356
1873,960,452,9.6,1.356
1874,961,451,9.61,1.353
1875,961,451,9.61,1.353
1876,960,450,9.6,1.35
1877,961,450,9.61,1.35
1878,960,449,9.6,1.347
1879,961,449,9.61,1.347
1880,960,448,9.6,1.344
1881,961,448,9.61,1.344
1882,961,447,9.61,1.341
1883,962,446,9.620000000000001,1.338
1884,962,446,9.620000000000001,1.338
1885,962,446,9.620000000000001,1.338
1886,963,445,9.63,1.335
1887,963,445,9.63,1.335
1888,963,444,9.63,1.332
1889,963,444,9.63,1.332
1890,964,443,9.64,1.329
1891,963,443,9.63,1.329
1892,964,443,9.64,1.329
1893,964,442,9.64,1.326
1894,964,442,9.64,1.326
1895,965,441,9.65,1.323
1896,965,441,9.65,1.323
1897,966,440,9.66,1.32
1898,966,440,9.66,1.32
1899,965,440,9.65,1.32
1900,965,439,9.65,1.317
1901,965,439,9.65,1.317
1902,967,438,9.67,1.314
1903,966,438,9.66,1.314
1904,966,438,9.66,1.314
1905,967,437,9.67,1.311
1906,968,437,9.68,1.311
1907,968,437,9.68,1.311
1908,968,436,9.68,1.308
1909,969,436,9.69,1.308
1910,968,435,9.68,1.305
1911,969,435,9.69,1.305
1912,970,434,9.700000000000001,1.302
1913,969,434,9.69,1.302
1914,971,433,9.71,1.299
1915,971,433,9.71,1.299
1916,969,432,9.69,1.296
1917,969,432,9.69,1.296
1918,971,432,9.71,1.296
1919,971,432,9.71,1.296
1920,971,431,9.71,1.293
1921,971,431,9.71,1.293
1922,971,430,9.71,1.29
1923,972,430,9.72,1.29
1924,972,430,9.72,1.29
1925,972,430,9.72,1.29
1926,972,429,9.72,1.287
1927,973,429,9.73,1.287
1928,972,428,9.72,1.284
1929,974,428,9.74,1.284
1930,975,428,9.75,1.284
1931,974,428,9.74,1.284
1932,975,427,9.75,1.281
1933,975,427,9.75,1.281
1934,975,427,9.75,1.281
1935,976,427,9.76,1.281
1936,976,427,9.76,1.281
1937,976,426,9.76,1.278
1938,977,426,9.77,1.278
1939,977,426,9.77,1.278
1940,975,426,9.75,1.278
1941,977,426,9.77,1.278
1942,978,426,9.78,1.278
1943,978,426,9.78,1.278
1944,978,426,9.78,1.278
1945,978,426,9.78,1.278
1946,978,426,9.78,1.278
1947,979,426,9.790000000000001,1.278
1948,979,426,9.790000000000001,1.278
1949,979,426,9.790000000000001,1.278
1950,980,425,9.8,1.2750000000000001
1951,980,425,9.8,1.2750000000000001
1952,981,425,9.81,1.2750000000000001
1953,981,426,9.81,1.278
1954,982,425,9.82,1.2750000000000001
1955,982,425,9.82,1.2750000000000001
1956,983,425,9.83,1.2750000000000001
1957,983,425,9.83,1.2750000000000001
1958,984,425,9.84,1.2750000000000001
1959,984,425,9.84,1.2750000000000001
1960,985,425,9.85,1.2750000000000001
1961,985,425,9.85,1.2750000000000001
1962,986,425,9.86,1.2750000000000001
1963,986,425,9.86,1.2750000000000001
1964,987,425,9.870000000000001,1.2750000000000001
1965,987,425,9.870000000000001,1.2750000000000001
1966,988,425,9.88,1.2750000000000001
1967,988,425,9.88,1.2750000000000001
1968,989,425,9.89,1.2750000000000001
1969,989,425,9.89,1.2750000000000001
1970,990,425,9.9,1.2750000000000001
1971,990,425,9.9,1.2750000000000001
1972,991,425,9.91,1.2750000000000001
1973,991,425,9.91,1.2750000000000001
1974,992,425,9.92,1.2750000000000001
1975,992,425,9.92,1.2750000000000001
1976,993,425,9.93,1.2750000000000001
1977,993,424,9.93,1.272
1978,994,424,9.94,1.272
1979,995,424,9.950000000000001,1.272
1980,994,424,9.94,1.272
1981,996,424,9.96,1.272
1982,997,424,9.97,1.272
1983,997,424,9.97,1.272
1984,998,424,9.98,1.272
1985,997,424,9.97,1.272
1986,999,424,9.99,1.272
1987,999,424,9.99,1.272
1988,1001,424,10.01,1.272
1989,1001,424,10.01,1.272
1990,1002,423,10.02,1.2690000000000001
1991,1002,424,10.02,1.272
1992,1004,423,10.040000000000001,1.2690000000000001
1993,1005,423,10.05,1.2690000000000001
1994,1005,423,10.05,1.2690000000000001
1995,1006,423,10.06,1.2690000000000001
1996,1007,423,10.07,1.2690000000000001
1997,1008,422,10.08,1.266
1998,1009,422,10.09,1.266
1999,1010,422,10.1,1.266
2000,1012,422,10.120000000000001,1.266
2001,1012,422,10.120000000000001,1.266
2002,1013,422,10.13,1.266
2003,1014,422,10.14,1.266
2004,1016,421,10.16,1.2630000000000001
2005,1017,422,10.17,1.266
2006,1018,421,10.18,1.2630000000000001
2007,1019,422,10.19,1.266
2008,1021,422,10.21,1.266
2009,1022,422,10.22,1.266
2010,1024,422,10.24,1.266
2011,1025,422,10.25,1.266
2012,1027,422,10.27,1.266
2013,1028,422,10.28,1.266
2014,1030,422,10.3,1.266
2015,1032,422,10.32,1.266
2016,1034,423,10.34,1.2690000000000001
2017,1036,423,10.36,1.2690000000000001
2018,1038,423,10.38,1.2690000000000001
